{
  "name": "leaflet",
  "version": "0.7.2",
  "main": [
    "leaflet.js",
    "leaflet.css"
  ],
  "description": "Leaflet Bower package",
  "ignore": [
    ".DS_Store",
    ".git",
    ".gitignore"
  ],
  "homepage": "https://github.com/vperron/leaflet-dist",
  "_release": "0.7.2",
  "_resolution": {
    "type": "version",
    "tag": "v0.7.2",
    "commit": "2ec7a0846eaecdce1321d92b3c45c74f4fd08dd3"
  },
  "_source": "git://github.com/vperron/leaflet-dist.git",
  "_target": "0.7.x",
  "_originalSource": "leaflet-dist"
}