{
  "name": "angular-leaflet-directive",
  "author": "https://github.com/tombatossals/angular-leaflet-directive/graphs/contributors",
  "description": "angular-leaflet-directive - An AngularJS directive to easily interact with Leaflet maps",
  "version": "0.7.15",
  "homepage": "http://tombatossals.github.io/angular-leaflet-directive/",
  "keywords": [
    "angularjs",
    "javascript",
    "directive",
    "leaflet"
  ],
  "main": [
    "dist/angular-leaflet-directive.js"
  ],
  "dependencies": {
    "angular": "1.3.x",
    "leaflet": "0.7.x",
    "font-awesome": "~4.3.x"
  },
  "devDependencies": {
    "jquery": "*",
    "semantic-ui": "*",
    "prism": "*",
    "angular-route": "1.3.x",
    "angular-animate": "1.3.x",
    "angular-mocks": "1.3.x",
    "leaflet.markercluster": "*",
    "leaflet.draw": "*",
    "Leaflet.label": "*",
    "leaflet-tilelayer-geojson": "*",
    "Leaflet.utfgrid": "danzel/Leaflet.utfgrid",
    "Leaflet.awesome-markers": "*",
    "webgl-heatmap-leaflet": "*",
    "leaflet-plugins": "*",
    "esri-leaflet": "*",
    "proj4": "*",
    "proj4leaflet": "*",
    "Leaflet.MakiMarkers": "*",
    "Leaflet.heat": "https://github.com/Leaflet/Leaflet.heat/archive/gh-pages.tar.gz",
    "Leaflet.ExtraMarkers": "https://github.com/coryasilva/Leaflet.ExtraMarkers/archive/v1.0.1.tar.gz",
    "Leaflet.fullscreen": "http://github.com/Leaflet/Leaflet.fullscreen/archive/v0.0.4.tar.gz",
    "Leaflet.PolylineDecorator": "bbecquet/Leaflet.PolylineDecorator",
    "ionrangeslider": "~1.9.3"
  },
  "overrides": {
    "Leaflet.utfgrid": {
      "main": "dist/leaflet.utfgrid.js"
    }
  },
  "ignore": [
    "**/.*",
    "src",
    "doc",
    "examples",
    "test",
    "*.md",
    "Gruntfile.js",
    "package.json",
    "bower.json"
  ],
  "_release": "0.7.15",
  "_resolution": {
    "type": "version",
    "tag": "v0.7.15",
    "commit": "7b7ac1ab84d55ca1c8f481500ed2139f72a4c384"
  },
  "_source": "git://github.com/tombatossals/angular-leaflet-directive.git",
  "_target": "~0.7.15",
  "_originalSource": "angular-leaflet-directive",
  "_direct": true
}